param_name,tasknum,model_path,pp_size,world_size,global_bsz,micro_bsz,grad_acc_steps,seqlen,rank,max_steps,num_samples,peak_memory_mb,throughput_per_gpu_tok_s,total_throughput_tok_s,tokens_per_step,time_per_step_s,status
Llama-2-7b-hf,1,Llama-2-7b-hf,1,1,8,1,8,256,16,50,4000,13184.52,704.52,704.52,2048,2.9069437347413842,OK
Llama-2-7b-hf,2,Llama-2-7b-hf,2,2,8,1,8,256,16,50,4000,6649.72,659.93,1319.86,2048,1.5516797236070494,OK
Llama-2-7b-hf,3,Llama-2-7b-hf,1,1,16,1,16,256,16,50,4000,13184.53,737.62,737.62,4096,5.552994766953174,OK
Llama-2-7b-hf,4,Llama-2-7b-hf,2,2,16,1,16,256,16,50,4000,6775.28,683.92,1367.84,4096,2.9945022809685344,OK
Llama-2-7b-hf,5,Llama-2-7b-hf,1,1,8,2,4,256,16,50,4000,13341.02,1605.55,1605.55,2048,1.2755753480115848,OK
Llama-2-7b-hf,6,Llama-2-7b-hf,2,2,8,2,4,256,16,50,4000,6830.52,1270.86,2541.72,2048,0.805753584187086,OK
Llama-2-7b-hf,7,Llama-2-7b-hf,1,1,16,2,8,256,16,50,4000,13341.03,1405.40,1405.4,4096,2.9144727479721073,OK
Llama-2-7b-hf,8,Llama-2-7b-hf,2,2,16,2,8,256,16,50,4000,6894.53,1314.13,2628.26,4096,1.5584455114790772,OK
Llama-2-7b-hf,9,Llama-2-7b-hf,1,1,8,4,2,256,16,50,4000,13663.78,2923.42,2923.42,2048,0.7005493565755176,OK
Llama-2-7b-hf,10,Llama-2-7b-hf,2,2,8,4,2,256,16,50,4000,7034.88,1867.04,3734.08,2048,0.5484617362241837,OK
Llama-2-7b-hf,11,Llama-2-7b-hf,1,1,16,4,4,256,16,50,4000,13663.78,2754.11,2754.11,4096,1.4872318099131843,OK
Llama-2-7b-hf,12,Llama-2-7b-hf,2,2,16,4,4,256,16,50,4000,7145.28,2254.45,4508.9,4096,0.9084255583401717,OK
Llama-2-7b-hf,13,Llama-2-7b-hf,1,1,8,8,1,256,16,50,4000,14300.29,3135.73,3135.73,2048,0.6531174559034101,OK
Llama-2-7b-hf,14,Llama-2-7b-hf,2,2,8,8,1,256,16,50,4000,7277.98,1735.31,3470.62,2048,0.590096294033919,OK
Llama-2-7b-hf,15,Llama-2-7b-hf,1,1,16,8,2,256,16,50,4000,14300.29,3098.74,3098.74,4096,1.3218275815331393,OK
Llama-2-7b-hf,16,Llama-2-7b-hf,2,2,16,8,2,256,16,50,4000,7637.79,2274.21,4548.42,4096,0.9005324926018266,OK
Llama-2-7b-hf,17,Llama-2-7b-hf,1,1,8,1,8,512,16,50,4000,13341.03,1583.67,1583.67,4096,2.5863974186541387,OK
Llama-2-7b-hf,18,Llama-2-7b-hf,2,2,8,1,8,512,16,50,4000,6894.53,1303.61,2607.22,4096,1.5710220081159243,OK
Llama-2-7b-hf,19,Llama-2-7b-hf,1,1,16,1,16,512,16,50,4000,13341.03,1570.57,1570.57,8192,5.215940709423967,OK
Llama-2-7b-hf,20,Llama-2-7b-hf,2,2,16,1,16,512,16,50,4000,7022.53,1397.42,2794.84,8192,2.9311159136122282,OK
Llama-2-7b-hf,21,Llama-2-7b-hf,1,1,8,2,4,512,16,50,4000,13663.78,2258.41,2258.41,4096,1.813665366341807,OK
Llama-2-7b-hf,22,Llama-2-7b-hf,2,2,8,2,4,512,16,50,4000,7145.28,2251.40,4502.8,4096,0.909656213911344,OK
Llama-2-7b-hf,23,Llama-2-7b-hf,1,1,16,2,8,512,16,50,4000,13663.78,2334.85,2334.85,8192,3.5085765680878858,OK
Llama-2-7b-hf,24,Llama-2-7b-hf,2,2,16,2,8,512,16,50,4000,7273.28,2327.36,4654.72,8192,1.759934002474907,OK
Llama-2-7b-hf,25,Llama-2-7b-hf,1,1,8,4,2,512,16,50,4000,14300.29,2555.23,2555.23,4096,1.6029868152769027,OK
Llama-2-7b-hf,26,Llama-2-7b-hf,2,2,8,4,2,512,16,50,4000,7637.79,2236.87,4473.74,4096,0.9155650529534574,OK
Llama-2-7b-hf,27,Llama-2-7b-hf,1,1,16,4,4,512,16,50,4000,14300.29,2525.84,2525.84,8192,3.243277483926139,OK
Llama-2-7b-hf,28,Llama-2-7b-hf,2,2,16,4,4,512,16,50,4000,7765.79,2515.14,5030.28,8192,1.628537576437097,OK
Llama-2-7b-hf,29,Llama-2-7b-hf,1,1,8,8,1,512,16,50,4000,15579.32,2628.11,2628.11,4096,1.5585344601253373,OK
Llama-2-7b-hf,30,Llama-2-7b-hf,2,2,8,8,1,512,16,50,4000,8029.21,1813.98,3627.96,4096,1.129009140122824,OK
Llama-2-7b-hf,31,Llama-2-7b-hf,1,1,16,8,2,512,16,50,4000,15579.32,2713.49,2713.49,8192,3.0189903039996464,OK
Llama-2-7b-hf,32,Llama-2-7b-hf,2,2,16,8,2,512,16,50,4000,8756.82,2366.05,4732.1,8192,1.7311553010291412,OK
Llama-2-7b-hf,33,Llama-2-7b-hf,1,1,8,1,8,1024,16,50,4000,13663.78,2242.71,2242.71,8192,3.652723713721346,OK
Llama-2-7b-hf,34,Llama-2-7b-hf,2,2,8,1,8,1024,16,50,4000,7034.88,2317.71,4635.42,8192,1.767261650508476,OK
Llama-2-7b-hf,35,Llama-2-7b-hf,1,1,16,1,16,1024,16,50,4000,13663.79,2256.28,2256.28,16384,7.261510096264647,OK
Llama-2-7b-hf,36,Llama-2-7b-hf,2,2,16,1,16,1024,16,50,4000,7529.79,2263.59,4527.18,16384,3.6190299480029506,OK
Llama-2-7b-hf,37,Llama-2-7b-hf,1,1,8,2,4,1024,16,50,4000,14300.29,2307.03,2307.03,8192,3.5508857708829096,OK
Llama-2-7b-hf,38,Llama-2-7b-hf,2,2,8,2,4,1024,16,50,4000,7765.79,2437.61,4875.22,8192,1.6803344259335988,OK
Llama-2-7b-hf,39,Llama-2-7b-hf,1,1,16,2,8,1024,16,50,4000,14300.30,2277.60,2277.6,16384,7.193537056550755,OK
Llama-2-7b-hf,40,Llama-2-7b-hf,2,2,16,2,8,1024,16,50,4000,7551.00,2294.72,4589.44,16384,3.569934458234556,OK
Llama-2-7b-hf,41,Llama-2-7b-hf,1,1,8,4,2,1024,16,50,4000,15579.32,2267.21,2267.21,8192,3.6132515294128025,OK
Llama-2-7b-hf,42,Llama-2-7b-hf,2,2,8,4,2,1024,16,50,4000,8575.25,2292.69,4585.38,8192,1.7865476797997113,OK
Llama-2-7b-hf,43,Llama-2-7b-hf,1,1,16,4,4,1024,16,50,4000,15579.33,2348.91,2348.91,16384,6.975150176039099,OK
Llama-2-7b-hf,44,Llama-2-7b-hf,2,2,16,4,4,1024,16,50,4000,8575.25,2394.19,4788.38,16384,3.421616496602191,OK
Llama-2-7b-hf,45,Llama-2-7b-hf,1,1,8,8,1,1024,16,50,4000,18137.39,2287.05,2287.05,8192,3.581906823200192,OK
Llama-2-7b-hf,46,Llama-2-7b-hf,2,2,8,8,1,1024,16,50,4000,10738.89,1744.78,3489.56,8192,2.3475739061658203,OK
Llama-2-7b-hf,47,Llama-2-7b-hf,1,1,16,8,2,1024,16,50,4000,18137.39,2429.56,2429.56,16384,6.743607896079949,OK
Llama-2-7b-hf,48,Llama-2-7b-hf,2,2,16,8,2,1024,16,50,4000,10994.89,2219.88,4439.76,16384,3.6902895652017222,OK
Llama-2-7b-hf,49,Llama-2-7b-hf,1,1,8,1,8,2048,16,50,4000,14300.30,2209.49,2209.49,16384,7.415285880452051,OK
Llama-2-7b-hf,50,Llama-2-7b-hf,2,2,8,1,8,2048,16,50,4000,8021.80,2218.51,4437.02,16384,3.692568435571622,OK
Llama-2-7b-hf,51,Llama-2-7b-hf,1,1,16,1,16,2048,16,50,4000,14300.31,2147.57,2147.57,32768,15.258175519307867,OK
Llama-2-7b-hf,52,Llama-2-7b-hf,2,2,16,1,16,2048,16,50,4000,8533.81,2033.27,4066.54,32768,8.057955903544537,OK
Llama-2-7b-hf,53,Llama-2-7b-hf,1,1,8,2,4,2048,16,50,4000,15579.33,2199.88,2199.88,16384,7.447678964307143,OK
Llama-2-7b-hf,54,Llama-2-7b-hf,2,2,8,2,4,2048,16,50,4000,9012.83,2264.96,4529.92,16384,3.6168409155128565,OK
Llama-2-7b-hf,55,Llama-2-7b-hf,1,1,16,2,8,2048,16,50,4000,15579.33,2141.37,2141.37,32768,15.302353166430837,OK
Llama-2-7b-hf,56,Llama-2-7b-hf,2,2,16,2,8,2048,16,50,4000,9524.83,2052.49,4104.98,32768,7.982499305721344,OK
Llama-2-7b-hf,57,Llama-2-7b-hf,1,1,8,4,2,2048,16,50,4000,18137.39,2159.73,2159.73,16384,7.586133451866669,OK
Llama-2-7b-hf,58,Llama-2-7b-hf,2,2,8,4,2,2048,16,50,4000,10994.89,1962.68,3925.36,16384,4.173884688283367,OK
Llama-2-7b-hf,59,Llama-2-7b-hf,1,1,16,4,4,2048,16,50,4000,18137.39,2194.94,2194.94,32768,14.92888188287607,OK
Llama-2-7b-hf,60,Llama-2-7b-hf,2,2,16,4,4,2048,16,50,4000,11506.89,2109.36,4218.72,32768,7.767284863655326,OK
Llama-2-7b-hf,61,Llama-2-7b-hf,1,1,8,8,1,2048,16,50,4000,23253.51,2206.15,2206.15,16384,7.426512249847018,OK
Llama-2-7b-hf,62,Llama-2-7b-hf,2,2,8,8,1,2048,16,50,4000,14959.01,1719.60,3439.2,16384,4.763898581065364,OK
Llama-2-7b-hf,63,Llama-2-7b-hf,1,1,16,8,2,2048,16,50,4000,23253.51,2165.29,2165.29,32768,15.133307778634732,OK
Llama-2-7b-hf,64,Llama-2-7b-hf,2,2,16,8,2,2048,16,50,4000,15471.01,1767.38,3534.76,32768,9.270219194513913,OK
Llama-2-7b-hf,65,Llama-2-7b-hf,1,1,8,1,8,3072,16,50,4000,14942.81,2156.90,2156.9,24576,11.39413046501924,OK
Llama-2-7b-hf,66,Llama-2-7b-hf,2,2,8,1,8,3072,16,50,4000,8776.31,2051.51,4103.02,24576,5.989734390765825,OK
Llama-2-7b-hf,67,Llama-2-7b-hf,1,1,16,1,16,3072,16,50,4000,14942.82,2111.61,2111.61,49152,23.277025587111254,OK
Llama-2-7b-hf,68,Llama-2-7b-hf,2,2,16,1,16,3072,16,50,4000,9544.32,1918.42,3836.84,49152,12.81054200852785,OK
Llama-2-7b-hf,69,Llama-2-7b-hf,1,1,8,2,4,3072,16,50,4000,16858.36,2109.44,2109.44,24576,11.650485436893204,OK
Llama-2-7b-hf,70,Llama-2-7b-hf,2,2,8,2,4,3072,16,50,4000,9607.50,1972.50,3945.0,24576,6.229657794676806,OK
Llama-2-7b-hf,71,Llama-2-7b-hf,1,1,16,2,8,3072,16,50,4000,16858.36,2171.55,2171.55,49152,22.634523727291565,OK
Llama-2-7b-hf,72,Llama-2-7b-hf,2,2,16,2,8,3072,16,50,4000,11027.86,1904.98,3809.96,49152,12.900922844334323,OK
Llama-2-7b-hf,73,Llama-2-7b-hf,1,1,8,4,2,3072,16,50,4000,20696.20,2119.35,2119.35,24576,11.596008210064406,OK
Llama-2-7b-hf,74,Llama-2-7b-hf,2,2,8,4,2,3072,16,50,4000,13232.95,1819.92,3639.84,24576,6.751945140445733,OK
Llama-2-7b-hf,75,Llama-2-7b-hf,1,1,16,4,4,3072,16,50,4000,20696.20,2104.33,2104.33,49152,23.357553235471624,OK
Llama-2-7b-hf,76,Llama-2-7b-hf,2,2,16,4,4,3072,16,50,4000,14000.95,1882.56,3765.12,49152,13.054563997960225,OK
Llama-2-7b-hf,77,Llama-2-7b-hf,1,1,8,8,1,3072,16,50,4000,28369.64,2182.61,2182.61,24576,11.259913589693074,OK
Llama-2-7b-hf,78,Llama-2-7b-hf,2,2,8,8,1,3072,16,50,4000,19179.14,1648.61,3297.22,24576,7.453551779984351,OK
Llama-2-7b-hf,79,Llama-2-7b-hf,1,1,16,8,2,3072,16,50,4000,28369.64,2163.74,2163.74,49152,22.71622283638515,OK
Llama-2-7b-hf,80,Llama-2-7b-hf,2,2,16,8,2,3072,16,50,4000,19947.14,1657.53,3315.06,49152,14.826880961430563,OK
Llama-2-7b-hf,81,Llama-2-7b-hf,1,1,8,1,8,4096,16,50,4000,15579.33,2030.94,2030.94,32768,16.13440081932504,OK
Llama-2-7b-hf,82,Llama-2-7b-hf,2,2,8,1,8,4096,16,50,4000,9524.83,1933.44,3866.88,32768,8.47401522674611,OK
Llama-2-7b-hf,83,Llama-2-7b-hf,1,1,16,1,16,4096,16,50,4000,15579.34,2151.31,2151.31,65536,30.463299106126037,OK
Llama-2-7b-hf,84,Llama-2-7b-hf,2,2,16,1,16,4096,16,50,4000,10548.84,1785.79,3571.58,65536,18.34930198959564,OK
Llama-2-7b-hf,85,Llama-2-7b-hf,1,1,8,2,4,4096,16,50,4000,18137.39,2019.97,2019.97,32768,16.22202309935296,OK
Llama-2-7b-hf,86,Llama-2-7b-hf,2,2,8,2,4,4096,16,50,4000,11506.89,1849.64,3699.28,32768,8.857939923444562,OK
Llama-2-7b-hf,87,Llama-2-7b-hf,1,1,16,2,8,4096,16,50,4000,18137.39,2094.66,2094.66,65536,31.28717787134905,OK
Llama-2-7b-hf,88,Llama-2-7b-hf,2,2,16,2,8,4096,16,50,4000,12530.89,1882.48,3764.96,65536,17.406825039309847,OK
Llama-2-7b-hf,89,Llama-2-7b-hf,1,1,8,4,2,4096,16,50,4000,23253.51,2055.55,2055.55,32768,15.941232273600738,OK
Llama-2-7b-hf,90,Llama-2-7b-hf,2,2,8,4,2,4096,16,50,4000,15471.01,1700.57,3401.14,32768,9.634416695578542,OK
Llama-2-7b-hf,91,Llama-2-7b-hf,1,1,16,4,4,4096,16,50,4000,23253.51,2075.22,2075.22,65536,31.580266188645062,OK
Llama-2-7b-hf,92,Llama-2-7b-hf,2,2,16,4,4,4096,16,50,4000,16495.01,1813.57,3627.14,65536,18.0682300655613,OK
Llama-2-7b-hf,93,Llama-2-7b-hf,1,1,8,8,1,4096,16,50,4000,OOM,OOM,OOM,32768,OOM,OOM_OR_INVALID
Llama-2-7b-hf,94,Llama-2-7b-hf,2,2,8,8,1,4096,16,50,4000,23399.26,1302.18,2604.36,32768,12.581977913959667,OK
Llama-2-7b-hf,95,Llama-2-7b-hf,1,1,16,8,2,4096,16,50,4000,OOM,OOM,OOM,65536,OOM,OOM_OR_INVALID
Llama-2-7b-hf,96,Llama-2-7b-hf,2,2,16,8,2,4096,16,50,4000,24423.26,1458.42,2916.84,65536,22.468150464200985,OK
Llama-2-13b-hf,97,Llama-2-13b-hf,1,1,8,1,8,256,16,50,4000,25400.80,647.03,647.03,2048,3.165231905784894,OK
Llama-2-13b-hf,98,Llama-2-13b-hf,2,2,8,1,8,256,16,50,4000,12833.23,549.39,1098.78,2048,1.863885400171099,OK
Llama-2-13b-hf,99,Llama-2-13b-hf,1,1,16,1,16,256,16,50,4000,25400.81,652.79,652.79,4096,6.274605922272094,OK
Llama-2-13b-hf,100,Llama-2-13b-hf,2,2,16,1,16,256,16,50,4000,12913.23,552.15,1104.3,4096,3.7091370098705063,OK
Llama-2-13b-hf,101,Llama-2-13b-hf,1,1,8,2,4,256,16,50,4000,25595.05,1261.27,1261.27,2048,1.6237601782330509,OK
Llama-2-13b-hf,102,Llama-2-13b-hf,2,2,8,2,4,256,16,50,4000,12972.98,975.86,1951.72,2048,1.0493308466378375,OK
Llama-2-13b-hf,103,Llama-2-13b-hf,1,1,16,2,8,256,16,50,4000,25595.06,1255.92,1255.92,4096,3.2613542263838458,OK
Llama-2-13b-hf,104,Llama-2-13b-hf,2,2,16,2,8,256,16,50,4000,13052.48,1062.88,2125.76,4096,1.9268402830046665,OK
Llama-2-13b-hf,105,Llama-2-13b-hf,1,1,8,4,2,256,16,50,4000,25989.94,1556.19,1556.19,2048,1.3160346744292148,OK
Llama-2-13b-hf,106,Llama-2-13b-hf,2,2,8,4,2,256,16,50,4000,13257.36,1223.46,2446.92,2048,0.8369705589067071,OK
Llama-2-13b-hf,107,Llama-2-13b-hf,1,1,16,4,4,256,16,50,4000,25989.94,1513.56,1513.56,4096,2.7062025952060047,OK
Llama-2-13b-hf,108,Llama-2-13b-hf,2,2,16,4,4,256,16,50,4000,13337.36,1441.84,2883.68,4096,1.4204072573933308,OK
Llama-2-13b-hf,109,Llama-2-13b-hf,1,1,8,8,1,256,16,50,4000,26772.45,1786.43,1786.43,2048,1.146420514657725,OK
Llama-2-13b-hf,110,Llama-2-13b-hf,2,2,8,8,1,256,16,50,4000,13819.87,1011.64,2023.28,2048,1.0122177849828002,OK
Llama-2-13b-hf,111,Llama-2-13b-hf,1,1,16,8,2,256,16,50,4000,26772.45,1680.18,1680.18,4096,2.437834041590782,OK
Llama-2-13b-hf,112,Llama-2-13b-hf,2,2,16,8,2,256,16,50,4000,14054.64,1328.34,2656.68,4096,1.5417739434181008,OK
Llama-2-13b-hf,113,Llama-2-13b-hf,1,1,8,1,8,512,16,50,4000,25595.06,1192.92,1192.92,4096,3.4335915233209264,OK
Llama-2-13b-hf,114,Llama-2-13b-hf,2,2,8,1,8,512,16,50,4000,12972.66,1039.29,2078.58,4096,1.970576066352991,OK
Llama-2-13b-hf,115,Llama-2-13b-hf,1,1,16,1,16,512,16,50,4000,25595.07,1163.47,1163.47,8192,7.041006643918623,OK
Llama-2-13b-hf,116,Llama-2-13b-hf,2,2,16,1,16,512,16,50,4000,13212.99,1076.36,2152.72,8192,3.8054182615481813,OK
Llama-2-13b-hf,117,Llama-2-13b-hf,1,1,8,2,4,512,16,50,4000,25989.94,1231.79,1231.79,4096,3.325242127310662,OK
Llama-2-13b-hf,118,Llama-2-13b-hf,2,2,8,2,4,512,16,50,4000,13335.74,1416.59,2833.18,4096,1.4457252980749546,OK
Llama-2-13b-hf,119,Llama-2-13b-hf,1,1,16,2,8,512,16,50,4000,25989.94,1285.16,1285.16,8192,6.374303588658221,OK
Llama-2-13b-hf,120,Llama-2-13b-hf,2,2,16,2,8,512,16,50,4000,13335.74,1353.19,2706.38,8192,3.0269215705111625,OK
Llama-2-13b-hf,121,Llama-2-13b-hf,1,1,8,4,2,512,16,50,4000,26772.45,1231.04,1231.04,4096,3.3272680010397715,OK
Llama-2-13b-hf,122,Llama-2-13b-hf,2,2,8,4,2,512,16,50,4000,13899.87,1302.26,2604.52,4096,1.5726506227635035,OK
Llama-2-13b-hf,123,Llama-2-13b-hf,1,1,16,4,4,512,16,50,4000,26772.45,1312.83,1312.83,8192,6.23995490657587,OK
Llama-2-13b-hf,124,Llama-2-13b-hf,2,2,16,4,4,512,16,50,4000,14059.88,1439.51,2879.02,8192,2.845412675146404,OK
Llama-2-13b-hf,125,Llama-2-13b-hf,1,1,8,8,1,512,16,50,4000,28343.48,1292.01,1292.01,4096,3.170254100200463,OK
Llama-2-13b-hf,126,Llama-2-13b-hf,2,2,8,8,1,512,16,50,4000,14658.41,981.55,1963.1,4096,2.086495848403036,OK
Llama-2-13b-hf,127,Llama-2-13b-hf,1,1,16,8,2,512,16,50,4000,28343.48,1399.78,1399.78,8192,5.852348226149823,OK
Llama-2-13b-hf,128,Llama-2-13b-hf,2,2,16,8,2,512,16,50,4000,15190.90,1307.84,2615.68,8192,3.131881575727918,OK
Llama-2-13b-hf,129,Llama-2-13b-hf,1,1,8,1,8,1024,16,50,4000,25989.94,1211.58,1211.58,8192,6.7614189735717005,OK
Llama-2-13b-hf,130,Llama-2-13b-hf,2,2,8,1,8,1024,16,50,4000,13497.36,1356.40,2712.8,8192,3.0197581834267178,OK
Llama-2-13b-hf,131,Llama-2-13b-hf,1,1,16,1,16,1024,16,50,4000,25989.95,1184.59,1184.59,16384,13.83094572805781,OK
Llama-2-13b-hf,132,Llama-2-13b-hf,2,2,16,1,16,1024,16,50,4000,13817.37,1159.55,2319.1,16384,7.064809624423268,OK
Llama-2-13b-hf,133,Llama-2-13b-hf,1,1,8,2,4,1024,16,50,4000,26772.45,1177.33,1177.33,8192,6.958117095461765,OK
Llama-2-13b-hf,134,Llama-2-13b-hf,2,2,8,2,4,1024,16,50,4000,14059.88,1319.97,2639.94,8192,3.103100828049122,OK
Llama-2-13b-hf,135,Llama-2-13b-hf,1,1,16,2,8,1024,16,50,4000,26772.46,1184.93,1184.93,16384,13.826977121011367,OK
Llama-2-13b-hf,136,Llama-2-13b-hf,2,2,16,2,8,1024,16,50,4000,14379.88,1233.37,2466.74,16384,6.641964698346807,OK
Llama-2-13b-hf,137,Llama-2-13b-hf,1,1,8,4,2,1024,16,50,4000,28343.48,1214.96,1214.96,8192,6.7426088101665895,OK
Llama-2-13b-hf,138,Llama-2-13b-hf,2,2,8,4,2,1024,16,50,4000,15190.90,1244.62,2489.24,8192,3.290964310391927,OK
Llama-2-13b-hf,139,Llama-2-13b-hf,1,1,16,4,4,1024,16,50,4000,28343.48,1238.51,1238.51,16384,13.228799121525059,OK
Llama-2-13b-hf,140,Llama-2-13b-hf,2,2,16,4,4,1024,16,50,4000,15500.46,1219.25,2438.5,16384,6.718884560180439,OK
Llama-2-13b-hf,141,Llama-2-13b-hf,1,1,8,8,1,1024,16,50,4000,31485.54,1204.36,1204.36,8192,6.801952904447176,OK
Llama-2-13b-hf,142,Llama-2-13b-hf,2,2,8,8,1,1024,16,50,4000,17452.97,973.14,1946.28,8192,4.209055223297779,OK
Llama-2-13b-hf,143,Llama-2-13b-hf,1,1,16,8,2,1024,16,50,4000,31485.54,1198.85,1198.85,16384,13.666430329065355,OK
Llama-2-13b-hf,144,Llama-2-13b-hf,2,2,16,8,2,1024,16,50,4000,17772.97,1118.83,2237.66,16384,7.321934520883423,OK
Llama-2-13b-hf,145,Llama-2-13b-hf,1,1,8,1,8,2048,16,50,4000,26772.46,1199.62,1199.62,16384,13.65765825844851,OK
Llama-2-13b-hf,146,Llama-2-13b-hf,2,2,8,1,8,2048,16,50,4000,14379.88,1157.49,2314.98,16384,7.07738295795212,OK
Llama-2-13b-hf,147,Llama-2-13b-hf,1,1,16,1,16,2048,16,50,4000,26772.46,1204.75,1204.75,32768,27.19900394272671,OK
Llama-2-13b-hf,148,Llama-2-13b-hf,2,2,16,1,16,2048,16,50,4000,15019.89,1107.23,2214.46,32768,14.797286923222817,OK
Qwen2.5-32B-Instruct,1,Qwen2.5-32B-Instruct,3,3,8,1,8,32,16,50,4000,20680.81,23.48,70.44,256,3.634298693923907,OK
Qwen2.5-32B-Instruct,2,Qwen2.5-32B-Instruct,3,3,8,2,4,32,16,50,4000,20708.26,44.15,132.45,256,1.93280483201208,OK
Qwen2.5-32B-Instruct,3,Qwen2.5-32B-Instruct,3,3,8,4,2,32,16,50,4000,20520.12,46.11,138.32999999999998,256,1.8506470035422542,OK
Qwen2.5-32B-Instruct,4,Qwen2.5-32B-Instruct,3,3,8,8,1,32,16,50,4000,20766.93,83.11,249.32999999999998,256,1.0267516945413708,OK
Qwen2.5-32B-Instruct,5,Qwen2.5-32B-Instruct,3,3,8,1,8,64,16,50,4000,20408.84,49.65,148.95,512,3.4373950990265194,OK
Qwen2.5-32B-Instruct,6,Qwen2.5-32B-Instruct,3,3,8,2,4,64,16,50,4000,20530.74,71.84,215.52,512,2.3756495916852263,OK
Qwen2.5-32B-Instruct,7,Qwen2.5-32B-Instruct,3,3,8,4,2,64,16,50,4000,20776.93,134.65,403.95000000000005,512,1.267483599455378,OK
Qwen2.5-32B-Instruct,8,Qwen2.5-32B-Instruct,3,3,8,8,1,64,16,50,4000,21272.18,163.00,489.0,512,1.047034764826176,OK
Qwen2.5-32B-Instruct,9,Qwen2.5-32B-Instruct,3,3,8,1,8,128,16,50,4000,20551.50,102.46,307.38,1024,3.3313813520723534,OK
Qwen2.5-32B-Instruct,10,Qwen2.5-32B-Instruct,3,3,8,2,4,128,16,50,4000,22417.59,120.25,360.75,1024,2.8385308385308385,OK
Qwen2.5-32B-Instruct,11,Qwen2.5-32B-Instruct,3,3,8,4,2,128,16,50,4000,21292.19,210.79,632.37,1024,1.6193051536284138,OK
Qwen2.5-32B-Instruct,12,Qwen2.5-32B-Instruct,3,3,8,8,1,128,16,50,4000,22275.44,272.34,817.02,1024,1.2533352916697267,OK
Qwen2.5-32B-Instruct,13,Qwen2.5-32B-Instruct,3,3,8,1,8,256,16,50,4000,20837.44,200.20,600.5999999999999,2048,3.4099234099234104,OK
Qwen2.5-32B-Instruct,14,Qwen2.5-32B-Instruct,3,3,8,2,4,256,16,50,4000,21332.19,358.79,1076.3700000000001,2048,1.9026914536822839,OK
Qwen2.5-32B-Instruct,15,Qwen2.5-32B-Instruct,3,3,8,4,2,256,16,50,4000,22315.44,395.71,1187.1299999999999,2048,1.725169105321237,OK
Qwen2.5-32B-Instruct,16,Qwen2.5-32B-Instruct,3,3,8,8,1,256,16,50,4000,24287.96,289.64,868.92,2048,2.35694885605119,OK
Qwen2.5-32B-Instruct,17,Qwen2.5-32B-Instruct,3,3,8,1,8,512,16,50,4000,21412.19,407.90,1223.6999999999998,4096,3.3472256271962086,OK
Qwen2.5-32B-Instruct,18,Qwen2.5-32B-Instruct,3,3,8,2,4,512,16,50,4000,22395.45,531.40,1594.1999999999998,4096,2.569313762388659,OK
Qwen2.5-32B-Instruct,19,Qwen2.5-32B-Instruct,3,3,8,4,2,512,16,50,4000,24367.96,427.87,1283.6100000000001,4096,3.1910003817358854,OK
Qwen2.5-32B-Instruct,20,Qwen2.5-32B-Instruct,3,3,8,8,1,512,16,50,4000,28312.99,290.81,872.4300000000001,4096,4.694932544731382,OK
Qwen2.5-32B-Instruct,21,Qwen2.5-32B-Instruct,3,3,8,1,8,1024,16,50,4000,21532.26,544.15,1632.4499999999998,8192,5.018224141627615,OK
Qwen2.5-32B-Instruct,22,Qwen2.5-32B-Instruct,3,3,8,2,4,1024,16,50,4000,24527.96,557.20,1671.6000000000001,8192,4.900693945920076,OK
Qwen2.5-32B-Instruct,23,Qwen2.5-32B-Instruct,3,3,8,4,2,1024,16,50,4000,28472.99,418.58,1255.74,8192,6.5236434293723224,OK
Qwen2.5-32B-Instruct,24,Qwen2.5-32B-Instruct,3,3,8,8,1,1024,16,50,4000,OOM,OOM,OOM,8192,OOM,OOM_OR_INVALID
Qwen2.5-32B-Instruct,25,Qwen2.5-32B-Instruct,3,3,8,1,8,2048,16,50,4000,24847.96,606.94,1820.8200000000002,16384,8.99814369350073,OK
Qwen2.5-32B-Instruct,26,Qwen2.5-32B-Instruct,3,3,8,2,4,2048,16,50,4000,28792.99,540.56,1621.6799999999998,16384,10.103102954960288,OK
Qwen2.5-32B-Instruct,27,Qwen2.5-32B-Instruct,3,3,8,4,2,2048,16,50,4000,OOM,OOM,OOM,16384,OOM,OOM_OR_INVALID
Qwen2.5-32B-Instruct,28,Qwen2.5-32B-Instruct,3,3,8,8,1,2048,16,50,4000,OOM,OOM,OOM,16384,OOM,OOM_OR_INVALID
Qwen2.5-32B-Instruct,29,Qwen2.5-32B-Instruct,3,3,8,1,8,3072,16,50,4000,27140.48,621.51,1864.53,24576,13.180801596112694,OK
Qwen2.5-32B-Instruct,30,Qwen2.5-32B-Instruct,3,3,8,2,4,3072,16,50,4000,33058.02,555.07,1665.21,24576,14.758498928063126,OK
Qwen2.5-32B-Instruct,31,Qwen2.5-32B-Instruct,3,3,8,4,2,3072,16,50,4000,OOM,OOM,OOM,24576,OOM,OOM_OR_INVALID
Qwen2.5-32B-Instruct,32,Qwen2.5-32B-Instruct,3,3,8,8,1,3072,16,50,4000,OOM,OOM,OOM,24576,OOM,OOM_OR_INVALID
Qwen2.5-32B-Instruct,33,Qwen2.5-32B-Instruct,3,3,8,1,8,4096,16,50,4000,29433.00,608.53,1825.59,32768,17.94926571683675,OK
Qwen2.5-32B-Instruct,34,Qwen2.5-32B-Instruct,3,3,8,2,4,4096,16,50,4000,OOM,OOM,OOM,32768,OOM,OOM_OR_INVALID
Qwen2.5-32B-Instruct,35,Qwen2.5-32B-Instruct,3,3,8,4,2,4096,16,50,4000,OOM,OOM,OOM,32768,OOM,OOM_OR_INVALID
Qwen2.5-32B-Instruct,36,Qwen2.5-32B-Instruct,3,3,8,8,1,4096,16,50,4000,OOM,OOM,OOM,32768,OOM,OOM_OR_INVALID
Qwen2.5-32B-Instruct,1,Qwen2.5-32B-Instruct,4,4,8,1,8,32,16,50,4000,16581.19,22.89,91.56,256,2.795980777632154,OK
Qwen2.5-32B-Instruct,2,Qwen2.5-32B-Instruct,4,4,8,2,4,32,16,50,4000,16644.20,36.90,147.6,256,1.7344173441734418,OK
Qwen2.5-32B-Instruct,3,Qwen2.5-32B-Instruct,4,4,8,4,2,32,16,50,4000,16763.11,43.46,173.84,256,1.4726184997699032,OK
Qwen2.5-32B-Instruct,4,Qwen2.5-32B-Instruct,4,4,8,8,1,32,16,50,4000,17004.80,71.14,284.56,256,0.8996345234748383,OK
Qwen2.5-32B-Instruct,5,Qwen2.5-32B-Instruct,4,4,8,1,8,64,16,50,4000,16654.21,47.48,189.92,512,2.695871946082561,OK
Qwen2.5-32B-Instruct,6,Qwen2.5-32B-Instruct,4,4,8,2,4,64,16,50,4000,16773.11,73.82,295.28,512,1.7339474397182337,OK
Qwen2.5-32B-Instruct,7,Qwen2.5-32B-Instruct,4,4,8,4,2,64,16,50,4000,17014.80,108.55,434.2,512,1.17918010133579,OK
Qwen2.5-32B-Instruct,8,Qwen2.5-32B-Instruct,4,4,8,8,1,64,16,50,4000,17500.05,144.03,576.12,512,0.8887037422759148,OK
Qwen2.5-32B-Instruct,9,Qwen2.5-32B-Instruct,4,4,8,1,8,128,16,50,4000,16794.37,94.22,376.88,1024,2.717045213330503,OK
Qwen2.5-32B-Instruct,10,Qwen2.5-32B-Instruct,4,4,8,2,4,128,16,50,4000,17034.80,150.56,602.24,1024,1.7003188097768331,OK
Qwen2.5-32B-Instruct,11,Qwen2.5-32B-Instruct,4,4,8,4,2,128,16,50,4000,17520.05,218.06,872.24,1024,1.1739888104191507,OK
Qwen2.5-32B-Instruct,12,Qwen2.5-32B-Instruct,4,4,8,8,1,128,16,50,4000,18483.31,212.65,850.6,1024,1.2038561015753586,OK
Qwen2.5-32B-Instruct,13,Qwen2.5-32B-Instruct,4,4,8,1,8,256,16,50,4000,17074.80,183.99,735.96,2048,2.7827599326050327,OK
Qwen2.5-32B-Instruct,14,Qwen2.5-32B-Instruct,4,4,8,2,4,256,16,50,4000,17560.05,302.18,1208.72,2048,1.6943543583294725,OK
Qwen2.5-32B-Instruct,15,Qwen2.5-32B-Instruct,4,4,8,4,2,256,16,50,4000,15774.06,263.90,1055.6,2048,1.940128836680561,OK
Qwen2.5-32B-Instruct,16,Qwen2.5-32B-Instruct,4,4,8,8,1,256,16,50,4000,20455.83,220.12,880.48,2048,2.326003997819371,OK
Qwen2.5-32B-Instruct,17,Qwen2.5-32B-Instruct,4,4,8,1,8,512,16,50,4000,17641.06,382.08,1528.32,4096,2.680067001675042,OK
Qwen2.5-32B-Instruct,18,Qwen2.5-32B-Instruct,4,4,8,2,4,512,16,50,4000,18603.31,433.32,1733.28,4096,2.363149635373396,OK
Qwen2.5-32B-Instruct,19,Qwen2.5-32B-Instruct,4,4,8,4,2,512,16,50,4000,20535.83,339.04,1356.16,4096,3.020292590844738,OK
Qwen2.5-32B-Instruct,20,Qwen2.5-32B-Instruct,4,4,8,8,1,512,16,50,4000,24400.86,215.01,860.04,4096,4.762569182828706,OK
Qwen2.5-32B-Instruct,21,Qwen2.5-32B-Instruct,4,4,8,1,8,1024,16,50,4000,18763.32,548.54,2194.16,8192,3.7335472344769753,OK
Qwen2.5-32B-Instruct,22,Qwen2.5-32B-Instruct,4,4,8,2,4,1024,16,50,4000,20695.83,463.32,1853.28,8192,4.4202710869377535,OK
Qwen2.5-32B-Instruct,23,Qwen2.5-32B-Instruct,4,4,8,4,2,1024,16,50,4000,24560.86,342.75,1371.0,8192,5.975200583515682,OK
Qwen2.5-32B-Instruct,24,Qwen2.5-32B-Instruct,4,4,8,8,1,1024,16,50,4000,32290.92,219.64,878.56,8192,9.324348934620287,OK
Qwen2.5-32B-Instruct,25,Qwen2.5-32B-Instruct,4,4,8,1,8,2048,16,50,4000,21015.83,565.09,2260.36,16384,7.248402909271089,OK
Qwen2.5-32B-Instruct,26,Qwen2.5-32B-Instruct,4,4,8,2,4,2048,16,50,4000,24880.86,468.61,1874.44,16384,8.740743902178783,OK
Qwen2.5-32B-Instruct,27,Qwen2.5-32B-Instruct,4,4,8,4,2,2048,16,50,4000,32610.92,331.49,1325.96,16384,12.356330507707623,OK
Qwen2.5-32B-Instruct,28,Qwen2.5-32B-Instruct,4,4,8,8,1,2048,16,50,4000,OOM,OOM,OOM,16384,OOM,OOM_OR_INVALID
Qwen2.5-32B-Instruct,29,Qwen2.5-32B-Instruct,4,4,8,1,8,3072,16,50,4000,23268.35,553.59,2214.36,24576,11.098466374031322,OK
Qwen2.5-32B-Instruct,30,Qwen2.5-32B-Instruct,4,4,8,2,4,3072,16,50,4000,29065.89,458.97,1835.88,24576,13.386495849401921,OK
Qwen2.5-32B-Instruct,31,Qwen2.5-32B-Instruct,4,4,8,4,2,3072,16,50,4000,OOM,OOM,OOM,24576,OOM,OOM_OR_INVALID
Qwen2.5-32B-Instruct,32,Qwen2.5-32B-Instruct,4,4,8,8,1,3072,16,50,4000,OOM,OOM,OOM,24576,OOM,OOM_OR_INVALID
Qwen2.5-32B-Instruct,33,Qwen2.5-32B-Instruct,4,4,8,1,8,4096,16,50,4000,25520.86,563.81,2255.24,32768,14.529717458008905,OK
Qwen2.5-32B-Instruct,34,Qwen2.5-32B-Instruct,4,4,8,2,4,4096,16,50,4000,33250.92,461.38,1845.52,32768,17.755429364081667,OK
Qwen2.5-32B-Instruct,35,Qwen2.5-32B-Instruct,4,4,8,4,2,4096,16,50,4000,OOM,OOM,OOM,32768,OOM,OOM_OR_INVALID
Qwen2.5-32B-Instruct,36,Qwen2.5-32B-Instruct,4,4,8,8,1,4096,16,50,4000,OOM,OOM,OOM,32768,OOM,OOM_OR_INVALID
